Data Source;Time;Value,
"\\SRV-PI-AF01\CBM\Utility\Steam Generation\P29201A-HP BFW Pumps\HP BFWP|29TE-2038|Temperature|Trigger|Current percent|Minimum;""2026-10-20 11:44:48","031631"";0"
"\\SRV-PI-AF01\CBM\Utility\Steam Generation\P29201A-HP BFW Pumps\HP BFWP|29TE-2038|Temperature|Trigger|Current percent|Hi;""2026-10-20 11:44:48","031631"";13.1080831571027"
"\\SRV-PI-AF01\CBM\Utility\Steam Generation\P29201A-HP BFW Pumps\HP BFWP|29TE-2038|Temperature|Trigger|Current percent|HiHi;""2026-10-20 11:44:48","031631"";1310.80831571027"
"\\SRV-PI-AF01\CBM\Utility\Steam Generation\P29201A-HP BFW Pumps\HP BFWP|29VT-2003Y;""2026-07-29 12:47:38","441467"";False"
"\\SRV-PI-AF01\CBM\Utility\Steam Generation\P29201A-HP BFW Pumps\HP BFWP|29VT-2003Y;""2026-10-20 11:44:48","031631"";False"
"\\SRV-PI-AF01\CBM\Utility\Steam Generation\P29201A-HP BFW Pumps\HP BFWP|29VT-2003Y;""2026-10-20 11:47:38","441467"";False"
"\\SRV-PI-AF01\CBM\Utility\Steam Generation\P29201A-HP BFW Pumps\HP BFWP|29VT-2003X;""2026-07-29 12:47:38","441467"";False"
"\\SRV-PI-AF01\CBM\Utility\Steam Generation\P29201A-HP BFW Pumps\HP BFWP|29VT-2003X;""2026-10-20 11:44:48","031631"";False"
"\\SRV-PI-AF01\CBM\Utility\Steam Generation\P29201A-HP BFW Pumps\HP BFWP|29VT-2003X;""2026-10-20 11:47:38","441467"";False"
"\\SRV-PI-AF01\CBM\Utility\Steam Generation\P29201A-HP BFW Pumps\HP BFWP|29TE-2005|Temperature|Trigger|Current percent|Minimum;""2026-10-20 11:44:48","031631"";0"
"\\SRV-PI-AF01\CBM\Utility\Steam Generation\P29201A-HP BFW Pumps\HP BFWP|29TE-2005|Temperature|Trigger|Current percent|Hi;""2026-10-20 11:44:48","031631"";12.5045591824364"
"\\SRV-PI-AF01\CBM\Utility\Steam Generation\P29201A-HP BFW Pumps\HP BFWP|29TE-2005|Temperature|Trigger|Current percent|HiHi;""2026-10-20 11:44:48","031631"";1250.45591824364"
"\\SRV-PI-AF01\CBM\Utility\Steam Generation\P29201A-HP BFW Pumps\HP BFWP|29TE-2039|Temperature|Trigger|Current percent|Minimum;""2026-10-20 11:44:48","031631"";0"
"\\SRV-PI-AF01\CBM\Utility\Steam Generation\P29201A-HP BFW Pumps\HP BFWP|29TE-2039|Temperature|Trigger|Current percent|Hi;""2026-10-20 11:44:48","031631"";13.6826048434346"
"\\SRV-PI-AF01\CBM\Utility\Steam Generation\P29201A-HP BFW Pumps\HP BFWP|29TE-2039|Temperature|Trigger|Current percent|HiHi;""2026-10-20 11:44:48","031631"";1368.26048434346"
"\\SRV-PI-AF01\CBM\Utility\Steam Generation\P29201A-HP BFW Pumps\Turbine|29VT-2007Y;""2026-07-29 12:47:38","441467"";False"
"\\SRV-PI-AF01\CBM\Utility\Steam Generation\P29201A-HP BFW Pumps\Turbine|29VT-2007Y;""2026-10-20 11:44:48","031631"";False"
"\\SRV-PI-AF01\CBM\Utility\Steam Generation\P29201A-HP BFW Pumps\Turbine|29VT-2007Y;""2026-10-20 11:47:38","441467"";False"
"\\SRV-PI-AF01\CBM\Utility\Steam Generation\P29201A-HP BFW Pumps\Turbine|29VT-2007X;""2026-07-29 12:47:38","441467"";False"
"\\SRV-PI-AF01\CBM\Utility\Steam Generation\P29201A-HP BFW Pumps\Turbine|29VT-2007X;""2026-10-20 11:44:48","031631"";False"
"\\SRV-PI-AF01\CBM\Utility\Steam Generation\P29201A-HP BFW Pumps\Turbine|29VT-2007X;""2026-10-20 11:47:38","441467"";False"
"\\SRV-PI-AF01\CBM\Utility\Steam Generation\P29201A-HP BFW Pumps\Turbine|29XT-2026;""2026-07-29 12:47:38","441467"";False"
"\\SRV-PI-AF01\CBM\Utility\Steam Generation\P29201A-HP BFW Pumps\Turbine|29XT-2026;""2026-07-29 12:47:38","441467"";False"
"\\SRV-PI-AF01\CBM\Utility\Steam Generation\P29201A-HP BFW Pumps\Turbine|29XT-2026;""2026-10-20 11:44:48","031631"";False"
"\\SRV-PI-AF01\CBM\Utility\Steam Generation\P29201A-HP BFW Pumps\Turbine|29VT-2005Y;""2026-07-29 12:47:38","441467"";False"
"\\SRV-PI-AF01\CBM\Utility\Steam Generation\P29201A-HP BFW Pumps\Turbine|29VT-2005Y;""2026-10-20 11:44:48","031631"";False"
"\\SRV-PI-AF01\CBM\Utility\Steam Generation\P29201A-HP BFW Pumps\Turbine|29VT-2005Y;""2026-10-20 11:47:38","441467"";False"
"\\SRV-PI-AF01\CBM\Utility\Steam Generation\P29201A-HP BFW Pumps\Turbine|29VT-2005X;""2026-07-29 12:47:38","441467"";False"
"\\SRV-PI-AF01\CBM\Utility\Steam Generation\P29201A-HP BFW Pumps\Turbine|29VT-2005X;""2026-10-20 11:44:48","031631"";False"
"\\SRV-PI-AF01\CBM\Utility\Steam Generation\P29201A-HP BFW Pumps\Turbine|29VT-2005X;""2026-10-20 11:47:38","441467"";False"
"\\SRV-PI-AF01\CBM\Utility\Steam Generation\P29201A-HP BFW Pumps\Turbine|29TE-2055|Temperature|Trigger|Current percent|Minimum;""2026-10-20 11:44:48","031631"";0"
"\\SRV-PI-AF01\CBM\Utility\Steam Generation\P29201A-HP BFW Pumps\Turbine|29TE-2055|Temperature|Trigger|Current percent|Hi;""2026-10-20 11:44:48","031631"";9.11163568083499"
"\\SRV-PI-AF01\CBM\Utility\Steam Generation\P29201A-HP BFW Pumps\Turbine|29TE-2055|Temperature|Trigger|Current percent|HiHi;""2026-10-20 11:44:48","031631"";911.163568083499"
"\\SRV-PI-AF01\CBM\Utility\Steam Generation\P29201A-HP BFW Pumps\HP BFWP|29XT-2013;""2026-07-29 12:47:38","441467"";False"
"\\SRV-PI-AF01\CBM\Utility\Steam Generation\P29201A-HP BFW Pumps\HP BFWP|29XT-2013;""2026-07-29 12:47:38","441467"";False"
"\\SRV-PI-AF01\CBM\Utility\Steam Generation\P29201A-HP BFW Pumps\HP BFWP|29XT-2013;""2026-10-20 11:44:48","031631"";False"
"\\SRV-PI-AF01\CBM\Utility\Steam Generation\P29201A-HP BFW Pumps\HP BFWP|29XT-2012;""2026-07-29 12:47:38","441467"";False"
"\\SRV-PI-AF01\CBM\Utility\Steam Generation\P29201A-HP BFW Pumps\HP BFWP|29XT-2012;""2026-07-29 12:47:38","441467"";False"
"\\SRV-PI-AF01\CBM\Utility\Steam Generation\P29201A-HP BFW Pumps\HP BFWP|29XT-2012;""2026-10-20 11:44:48","031631"";False"
"\\SRV-PI-AF01\CBM\Utility\Steam Generation\P29201A-HP BFW Pumps|Status;""2026-07-29 12:47:38","441467"";Stop"
"\\SRV-PI-AF01\CBM\Utility\Steam Generation\P29201A-HP BFW Pumps|Status;""2026-10-20 11:47:38","441467"";Stop"
"\\SRV-PI-AF01\CBM\Utility\Steam Generation\P29201A-HP BFW Pumps\HP BFWP|State;""2026-07-29 12:47:38","441467"";Normal"
"\\SRV-PI-AF01\CBM\Utility\Steam Generation\P29201A-HP BFW Pumps\Turbine|State;""2026-07-29 12:47:38","441467"";Normal"
"\\SRV-PI-AF01\CBM\Utility\Steam Generation\P29201A-HP BFW Pumps\HP BFWP|29VT-2001Y;""2026-07-29 12:47:38","441467"";False"
"\\SRV-PI-AF01\CBM\Utility\Steam Generation\P29201A-HP BFW Pumps\HP BFWP|29VT-2001Y;""2026-10-20 11:44:48","031631"";False"
"\\SRV-PI-AF01\CBM\Utility\Steam Generation\P29201A-HP BFW Pumps\HP BFWP|29VT-2001Y;""2026-10-20 11:47:38","441467"";False"
"\\SRV-PI-AF01\CBM\Utility\Steam Generation\P29201A-HP BFW Pumps\HP BFWP|29VT-2001X;""2026-07-29 12:47:38","441467"";False"
"\\SRV-PI-AF01\CBM\Utility\Steam Generation\P29201A-HP BFW Pumps\HP BFWP|29VT-2001X;""2026-10-20 11:44:48","031631"";False"
"\\SRV-PI-AF01\CBM\Utility\Steam Generation\P29201A-HP BFW Pumps\HP BFWP|29VT-2001X;""2026-10-20 11:47:38","441467"";False"
"\\SRV-PI-AF01\CBM\Utility\Steam Generation\P29201A-HP BFW Pumps\HP BFWP|29TE-2036|Temperature|Trigger|Current percent|Minimum;""2026-10-20 11:44:48","031631"";0"
"\\SRV-PI-AF01\CBM\Utility\Steam Generation\P29201A-HP BFW Pumps\HP BFWP|29TE-2036|Temperature|Trigger|Current percent|Hi;""2026-10-20 11:44:48","031631"";13.9553726619624"
"\\SRV-PI-AF01\CBM\Utility\Steam Generation\P29201A-HP BFW Pumps\HP BFWP|29TE-2036|Temperature|Trigger|Current percent|HiHi;""2026-10-20 11:44:48","031631"";1395.53726619624"
"\\SRV-PI-AF01\CBM\Utility\Steam Generation\P29201A-HP BFW Pumps\HP BFWP|29TE-2037|Temperature|Trigger|Current percent|Minimum;""2026-10-20 11:44:48","031631"";0"
"\\SRV-PI-AF01\CBM\Utility\Steam Generation\P29201A-HP BFW Pumps\HP BFWP|29TE-2037|Temperature|Trigger|Current percent|Hi;""2026-10-20 11:44:48","031631"";13.3662257597769"
"\\SRV-PI-AF01\CBM\Utility\Steam Generation\P29201A-HP BFW Pumps\HP BFWP|29TE-2037|Temperature|Trigger|Current percent|HiHi;""2026-10-20 11:44:48","031631"";1336.62257597769"
"\\SRV-PI-AF01\CBM\Utility\Steam Generation\P29201A-HP BFW Pumps\HP BFWP|State|BRG2;""2026-07-29 12:47:38","441467"";False"
"\\SRV-PI-AF01\CBM\Utility\Steam Generation\P29201A-HP BFW Pumps\HP BFWP|State|BRG2;""2026-07-29 12:47:38","441467"";False"
"\\SRV-PI-AF01\CBM\Utility\Steam Generation\P29201A-HP BFW Pumps\HP BFWP|State|BRG2;""2026-10-20 11:44:48","031631"";False"
"\\SRV-PI-AF01\CBM\Utility\Steam Generation\P29201A-HP BFW Pumps\HP BFWP|State|BRG1;""2026-07-29 12:47:38","441467"";False"
"\\SRV-PI-AF01\CBM\Utility\Steam Generation\P29201A-HP BFW Pumps\HP BFWP|State|BRG1;""2026-10-20 11:44:48","031631"";False"
"\\SRV-PI-AF01\CBM\Utility\Steam Generation\P29201A-HP BFW Pumps\HP BFWP|State|BRG3;""2026-07-29 12:47:38","441467"";False"
"\\SRV-PI-AF01\CBM\Utility\Steam Generation\P29201A-HP BFW Pumps\HP BFWP|State|BRG3;""2026-10-20 11:44:48","031631"";False"
"\\SRV-PI-AF01\CBM\Utility\Steam Generation\P29201A-HP BFW Pumps\HP BFWP|State|BRG3;""2026-10-20 11:47:38","441467"";False"
"\\SRV-PI-AF01\CBM\Utility\Steam Generation\P29201A-HP BFW Pumps\Turbine|State|BRG5;""2026-07-29 12:47:38","441467"";False"
"\\SRV-PI-AF01\CBM\Utility\Steam Generation\P29201A-HP BFW Pumps\Turbine|State|BRG5;""2026-10-20 11:44:48","031631"";False"
"\\SRV-PI-AF01\CBM\Utility\Steam Generation\P29201A-HP BFW Pumps\Turbine|State|BRG5;""2026-10-20 11:47:38","441467"";False"
"\\SRV-PI-AF01\CBM\Utility\Steam Generation\P29201A-HP BFW Pumps\HP BFWP|State|BRG4;""2026-07-29 12:47:38","441467"";False"
"\\SRV-PI-AF01\CBM\Utility\Steam Generation\P29201A-HP BFW Pumps\HP BFWP|State|BRG4;""2026-10-20 11:44:48","031631"";False"
"\\SRV-PI-AF01\CBM\Utility\Steam Generation\P29201A-HP BFW Pumps\HP BFWP|State|BRG4;""2026-10-20 11:47:38","441467"";False"
"\\SRV-PI-AF01\CBM\Utility\Steam Generation\P29201A-HP BFW Pumps\Turbine|State|BRG6;""2026-07-29 12:47:38","441467"";False"
"\\SRV-PI-AF01\CBM\Utility\Steam Generation\P29201A-HP BFW Pumps\Turbine|State|BRG6;""2026-07-29 12:47:38","441467"";False"
"\\SRV-PI-AF01\CBM\Utility\Steam Generation\P29201A-HP BFW Pumps\Turbine|State|BRG6;""2026-10-20 11:44:48","031631"";False"
"\\SRV-PI-AF01\CBM\Utility\Steam Generation\P29201A-HP BFW Pumps\Turbine|State|BRG6;""2026-10-20 11:47:38","441467"";False"
"\\SRV-PI-AF01\CBM\Utility\Steam Generation\P29201A-HP BFW Pumps\Turbine|29TE-2056|Temperature|Trigger|Current percent|Minimum;""2026-10-20 11:44:48","031631"";0"
"\\SRV-PI-AF01\CBM\Utility\Steam Generation\P29201A-HP BFW Pumps\Turbine|29TE-2056|Temperature|Trigger|Current percent|Hi;""2026-10-20 11:44:48","031631"";8.72467639246559"
"\\SRV-PI-AF01\CBM\Utility\Steam Generation\P29201A-HP BFW Pumps\Turbine|29TE-2056|Temperature|Trigger|Current percent|HiHi;""2026-10-20 11:44:48","031631"";872.467639246559"
"\\SRV-PI-AF01\CBM\Utility\Steam Generation\P29201A-HP BFW Pumps\HP BFWP|29TE-2003|Temperature|Trigger|Current percent|Minimum;""2026-10-20 11:44:48","031631"";0"
"\\SRV-PI-AF01\CBM\Utility\Steam Generation\P29201A-HP BFW Pumps\HP BFWP|29TE-2003|Temperature|Trigger|Current percent|Hi;""2026-10-20 11:44:48","031631"";13.9513425480916"
"\\SRV-PI-AF01\CBM\Utility\Steam Generation\P29201A-HP BFW Pumps\HP BFWP|29TE-2003|Temperature|Trigger|Current percent|HiHi;""2026-10-20 11:44:48","031631"";1395.13425480916"
"\\SRV-PI-AF01\CBM\Utility\Steam Generation\P29201A-HP BFW Pumps\HP BFWP|29TE-2004|Temperature|Trigger|Current percent|Minimum;""2026-10-20 11:44:48","031631"";0"
"\\SRV-PI-AF01\CBM\Utility\Steam Generation\P29201A-HP BFW Pumps\HP BFWP|29TE-2004|Temperature|Trigger|Current percent|Hi;""2026-10-20 11:44:48","031631"";12.6257227958272"
"\\SRV-PI-AF01\CBM\Utility\Steam Generation\P29201A-HP BFW Pumps\HP BFWP|29TE-2004|Temperature|Trigger|Current percent|HiHi;""2026-10-20 11:44:48","031631"";1262.57227958272"
"\\SRV-PI-AF01\CBM\Utility\Steam Generation\P29201A-HP BFW Pumps\HP BFWP|29TE-2035|Temperature|Trigger|Current percent|Minimum;""2026-10-20 11:44:48","031631"";0"
"\\SRV-PI-AF01\CBM\Utility\Steam Generation\P29201A-HP BFW Pumps\HP BFWP|29TE-2035|Temperature|Trigger|Current percent|Hi;""2026-10-20 11:44:48","031631"";13.9553726619624"
"\\SRV-PI-AF01\CBM\Utility\Steam Generation\P29201A-HP BFW Pumps\HP BFWP|29TE-2035|Temperature|Trigger|Current percent|HiHi;""2026-10-20 11:44:48","031631"";1395.53726619624"
"\\SRV-PI-AF01\CBM\Utility\Steam Generation\P29201A-HP BFW Pumps|Steady Running State|PI Vission;""2026-07-29 12:47:38","441467"";False"
"\\SRV-PI-AF01\CBM\Utility\Steam Generation\P29201A-HP BFW Pumps\Turbine|29XT-2026|Direct|Minimum;""2026-10-20 11:44:48","031631"";0"
"\\SRV-PI-AF01\CBM\Utility\Steam Generation\P29201A-HP BFW Pumps\Turbine|29XT-2026|Direct|Hi;""2026-07-29 12:47:38","441467"";0.3"
"\\SRV-PI-AF01\CBM\Utility\Steam Generation\P29201A-HP BFW Pumps\Turbine|29XT-2026|Direct|HiHi;""2026-07-29 12:47:38","441467"";0.5"
"\\SRV-PI-AF01\CBM\Utility\Steam Generation\P29201A-HP BFW Pumps\Turbine|29XT-2026|Direct|Trigger|Current percent;""2026-07-29 12:47:38","441467"";0"
"\\SRV-PI-AF01\CBM\Utility\Steam Generation\P29201A-HP BFW Pumps\Turbine|29XT-2026|Direct|Trigger|Current percent|Minimum;""2026-10-20 11:44:48","031631"";0"
"\\SRV-PI-AF01\CBM\Utility\Steam Generation\P29201A-HP BFW Pumps\Turbine|29XT-2026|Direct|Trigger|Current percent|Hi;""2026-07-29 12:47:38","441467"";0.3"
"\\SRV-PI-AF01\CBM\Utility\Steam Generation\P29201A-HP BFW Pumps\Turbine|29XT-2026|Direct|Trigger|Current percent|HiHi;""2026-07-29 12:47:38","441467"";0.5"
"\\SRV-PI-AF01\CBM\Utility\Steam Generation\P29201A-HP BFW Pumps\Turbine|29XT-2026|Gap|Lo;""2026-10-20 11:44:48","031631"";-9.41983340848285"
"\\SRV-PI-AF01\CBM\Utility\Steam Generation\P29201A-HP BFW Pumps\Turbine|29XT-2026|Gap|Based Value;""2026-10-20 11:44:48","031631"";-7.48909044265747"
"\\SRV-PI-AF01\CBM\Utility\Steam Generation\P29201A-HP BFW Pumps\Turbine|29XT-2026|Gap|Hi;""2026-10-20 11:44:48","031631"";-5.55834747683209"
"\\SRV-PI-AF01\CBM\Utility\Steam Generation\P29201A-HP BFW Pumps\Turbine|29XT-2026|Gap|Trigger|Current percent|Minimum;""2026-10-20 11:44:48","031631"";0"
"\\SRV-PI-AF01\CBM\Utility\Steam Generation\P29201A-HP BFW Pumps\Turbine|29XT-2026|Gap|Trigger|Current percent|Hi;""2026-10-20 11:44:48","031631"";25.7807404064447"
"\\SRV-PI-AF01\CBM\Utility\Steam Generation\P29201A-HP BFW Pumps\Turbine|29XT-2026|Gap|Trigger|Current percent|HiHi;""2026-10-20 11:44:48","031631"";2578.07404064447"
"\\SRV-PI-AF01\CBM\Utility\Steam Generation\P29201A-HP BFW Pumps\HP BFWP|29VT-2003Y|Direct|Lo;""2026-10-20 11:44:48","031631"";16.8132076263428"
"\\SRV-PI-AF01\CBM\Utility\Steam Generation\P29201A-HP BFW Pumps\HP BFWP|29VT-2003Y|Direct|Based Value;""2026-10-20 11:44:48","031631"";35.3232002258301"
"\\SRV-PI-AF01\CBM\Utility\Steam Generation\P29201A-HP BFW Pumps\HP BFWP|29VT-2003Y|Direct|Hi;""2026-10-20 11:44:48","031631"";53.8331928253174"
"\\SRV-PI-AF01\CBM\Utility\Steam Generation\P29201A-HP BFW Pumps\HP BFWP|29VT-2003Y|Direct|Trigger|Current percent|Minimum;""2026-10-20 11:44:48","031631"";0"
"\\SRV-PI-AF01\CBM\Utility\Steam Generation\P29201A-HP BFW Pumps\HP BFWP|29VT-2003Y|Direct|Trigger|Current percent|Hi;""2026-10-20 11:44:48","031631"";52.4017996137051"
"\\SRV-PI-AF01\CBM\Utility\Steam Generation\P29201A-HP BFW Pumps\HP BFWP|29VT-2003Y|Direct|Trigger|Current percent|HiHi;""2026-10-20 11:44:48","031631"";5240.17996137051"
"\\SRV-PI-AF01\CBM\Utility\Steam Generation\P29201A-HP BFW Pumps\HP BFWP|29VT-2003Y|Gap|Lo;""2026-10-20 11:44:48","031631"";-11.3404432294581"
"\\SRV-PI-AF01\CBM\Utility\Steam Generation\P29201A-HP BFW Pumps\HP BFWP|29VT-2003Y|Gap|Based Value;""2026-10-20 11:44:48","031631"";-10.0186414718628"
"\\SRV-PI-AF01\CBM\Utility\Steam Generation\P29201A-HP BFW Pumps\HP BFWP|29VT-2003Y|Gap|Hi;""2026-10-20 11:44:48","031631"";-8.69683971426753"
"\\SRV-PI-AF01\CBM\Utility\Steam Generation\P29201A-HP BFW Pumps\HP BFWP|29VT-2003Y|1X Amp|Lo;""2026-10-20 11:44:48","031631"";7.32140922546387"
"\\SRV-PI-AF01\CBM\Utility\Steam Generation\P29201A-HP BFW Pumps\HP BFWP|29VT-2003Y|1X Amp|Based Value;""2026-10-20 11:44:48","031631"";30.3798789978027"
"\\SRV-PI-AF01\CBM\Utility\Steam Generation\P29201A-HP BFW Pumps\HP BFWP|29VT-2003Y|1X Amp|Hi;""2026-10-20 11:44:48","031631"";53.4383487701416"
"\\SRV-PI-AF01\CBM\Utility\Steam Generation\P29201A-HP BFW Pumps\HP BFWP|29VT-2003Y|1X Phase|Based Value;""2026-10-20 11:44:48","031631"";Calc Failed"
"\\SRV-PI-AF01\CBM\Utility\Steam Generation\P29201A-HP BFW Pumps\HP BFWP|29VT-2003Y|Gap|Trigger|Current percent|Minimum;""2026-10-20 11:44:48","031631"";0"
"\\SRV-PI-AF01\CBM\Utility\Steam Generation\P29201A-HP BFW Pumps\HP BFWP|29VT-2003Y|Gap|Trigger|Current percent|Hi;""2026-10-20 11:44:48","031631"";13.1934230934156"
"\\SRV-PI-AF01\CBM\Utility\Steam Generation\P29201A-HP BFW Pumps\HP BFWP|29VT-2003Y|Gap|Trigger|Current percent|HiHi;""2026-10-20 11:44:48","031631"";1319.34230934156"
"\\SRV-PI-AF01\CBM\Utility\Steam Generation\P29201A-HP BFW Pumps\HP BFWP|29VT-2003Y|1X Amp|Trigger|Current percent|Minimum;""2026-10-20 11:44:48","031631"";0"
"\\SRV-PI-AF01\CBM\Utility\Steam Generation\P29201A-HP BFW Pumps\HP BFWP|29VT-2003Y|1X Amp|Trigger|Current percent|Hi;""2026-10-20 11:44:48","031631"";75.9004661407855"
"\\SRV-PI-AF01\CBM\Utility\Steam Generation\P29201A-HP BFW Pumps\HP BFWP|29VT-2003Y|1X Amp|Trigger|Current percent|HiHi;""2026-10-20 11:44:48","031631"";7590.04661407855"
"\\SRV-PI-AF01\CBM\Utility\Steam Generation\P29201A-HP BFW Pumps\HP BFWP|29VT-2003Y|1X Phase|Trigger|Current percent|Minimum;""2026-10-20 11:44:48","031631"";0"
"\\SRV-PI-AF01\CBM\Utility\Steam Generation\P29201A-HP BFW Pumps\HP BFWP|29VT-2003X|Direct|Lo;""2026-10-20 11:44:48","031631"";27.1212749481201"
"\\SRV-PI-AF01\CBM\Utility\Steam Generation\P29201A-HP BFW Pumps\HP BFWP|29VT-2003X|Direct|Based Value;""2026-10-20 11:44:48","031631"";52.7922744750977"
"\\SRV-PI-AF01\CBM\Utility\Steam Generation\P29201A-HP BFW Pumps\HP BFWP|29VT-2003X|Direct|Hi;""2026-10-20 11:44:48","031631"";78.4632740020752"
"\\SRV-PI-AF01\CBM\Utility\Steam Generation\P29201A-HP BFW Pumps\HP BFWP|29VT-2003X|Direct|Trigger|Current percent|Minimum;""2026-10-20 11:44:48","031631"";0"
"\\SRV-PI-AF01\CBM\Utility\Steam Generation\P29201A-HP BFW Pumps\HP BFWP|29VT-2003X|Direct|Trigger|Current percent|Hi;""2026-10-20 11:44:48","031631"";48.6264321479209"
"\\SRV-PI-AF01\CBM\Utility\Steam Generation\P29201A-HP BFW Pumps\HP BFWP|29VT-2003X|Direct|Trigger|Current percent|HiHi;""2026-10-20 11:44:48","031631"";4862.64321479209"
"\\SRV-PI-AF01\CBM\Utility\Steam Generation\P29201A-HP BFW Pumps\HP BFWP|29VT-2003X|Gap|Lo;""2026-10-20 11:44:48","031631"";-11.8990619812751"
"\\SRV-PI-AF01\CBM\Utility\Steam Generation\P29201A-HP BFW Pumps\HP BFWP|29VT-2003X|Gap|Based Value;""2026-10-20 11:44:48","031631"";-10.1909275054932"
"\\SRV-PI-AF01\CBM\Utility\Steam Generation\P29201A-HP BFW Pumps\HP BFWP|29VT-2003X|Gap|Hi;""2026-10-20 11:44:48","031631"";-8.48279302971126"
"\\SRV-PI-AF01\CBM\Utility\Steam Generation\P29201A-HP BFW Pumps\HP BFWP|29VT-2003X|1X Amp|Lo;""2026-10-20 11:44:48","031631"";13.2987289428711"
"\\SRV-PI-AF01\CBM\Utility\Steam Generation\P29201A-HP BFW Pumps\HP BFWP|29VT-2003X|1X Amp|Based Value;""2026-10-20 11:44:48","031631"";47.855152130127"
"\\SRV-PI-AF01\CBM\Utility\Steam Generation\P29201A-HP BFW Pumps\HP BFWP|29VT-2003X|1X Amp|Hi;""2026-10-20 11:44:48","031631"";82.4115753173828"
"\\SRV-PI-AF01\CBM\Utility\Steam Generation\P29201A-HP BFW Pumps\HP BFWP|29VT-2003X|1X Phase|Based Value;""2026-10-20 11:44:48","031631"";Calc Failed"
"\\SRV-PI-AF01\CBM\Utility\Steam Generation\P29201A-HP BFW Pumps\HP BFWP|29VT-2003X|Gap|Trigger|Current percent|Minimum;""2026-10-20 11:44:48","031631"";0"
"\\SRV-PI-AF01\CBM\Utility\Steam Generation\P29201A-HP BFW Pumps\HP BFWP|29VT-2003X|Gap|Trigger|Current percent|Hi;""2026-10-20 11:44:48","031631"";16.761324961454"
"\\SRV-PI-AF01\CBM\Utility\Steam Generation\P29201A-HP BFW Pumps\HP BFWP|29VT-2003X|Gap|Trigger|Current percent|HiHi;""2026-10-20 11:44:48","031631"";1676.1324961454"
"\\SRV-PI-AF01\CBM\Utility\Steam Generation\P29201A-HP BFW Pumps\HP BFWP|29VT-2003X|1X Amp|Trigger|Current percent|Minimum;""2026-10-20 11:44:48","031631"";0"
"\\SRV-PI-AF01\CBM\Utility\Steam Generation\P29201A-HP BFW Pumps\HP BFWP|29VT-2003X|1X Amp|Trigger|Current percent|Hi;""2026-10-20 11:44:48","031631"";72.2104551946478"
"\\SRV-PI-AF01\CBM\Utility\Steam Generation\P29201A-HP BFW Pumps\HP BFWP|29VT-2003X|1X Amp|Trigger|Current percent|HiHi;""2026-10-20 11:44:48","031631"";7221.04551946478"
"\\SRV-PI-AF01\CBM\Utility\Steam Generation\P29201A-HP BFW Pumps\Turbine|29VT-2007Y|Direct|Lo;""2026-10-20 11:44:48","031631"";12.8030990600586"
"\\SRV-PI-AF01\CBM\Utility\Steam Generation\P29201A-HP BFW Pumps\Turbine|29VT-2007Y|Direct|Based Value;""2026-10-20 11:44:48","031631"";16.0038738250732"
"\\SRV-PI-AF01\CBM\Utility\Steam Generation\P29201A-HP BFW Pumps\Turbine|29VT-2007Y|Direct|Hi;""2026-10-20 11:44:48","031631"";19.2046485900879"
"\\SRV-PI-AF01\CBM\Utility\Steam Generation\P29201A-HP BFW Pumps\Turbine|29VT-2007Y|Direct|Trigger|Current percent|Minimum;""2026-10-20 11:44:48","031631"";0"
"\\SRV-PI-AF01\CBM\Utility\Steam Generation\P29201A-HP BFW Pumps\Turbine|29VT-2007Y|Direct|Trigger|Current percent|Hi;""2026-10-20 11:44:48","031631"";20"
"\\SRV-PI-AF01\CBM\Utility\Steam Generation\P29201A-HP BFW Pumps\Turbine|29VT-2007Y|Direct|Trigger|Current percent|HiHi;""2026-10-20 11:44:48","031631"";2000"
"\\SRV-PI-AF01\CBM\Utility\Steam Generation\P29201A-HP BFW Pumps\Turbine|29VT-2007Y|Gap|Lo;""2026-10-20 11:44:48","031631"";-6.6059458350529"
"\\SRV-PI-AF01\CBM\Utility\Steam Generation\P29201A-HP BFW Pumps\Turbine|29VT-2007Y|Gap|Based Value;""2026-10-20 11:44:48","031631"";-6.24232721328735"
"\\SRV-PI-AF01\CBM\Utility\Steam Generation\P29201A-HP BFW Pumps\Turbine|29VT-2007Y|Gap|Hi;""2026-10-20 11:44:48","031631"";-5.8787085915218"
"\\SRV-PI-AF01\CBM\Utility\Steam Generation\P29201A-HP BFW Pumps\Turbine|29VT-2007Y|1X Amp|Lo;""2026-10-20 11:44:48","031631"";-65.2662477493286"
"\\SRV-PI-AF01\CBM\Utility\Steam Generation\P29201A-HP BFW Pumps\Turbine|29VT-2007Y|1X Amp|Based Value;""2026-10-20 11:44:48","031631"";12.1989088058472"
"\\SRV-PI-AF01\CBM\Utility\Steam Generation\P29201A-HP BFW Pumps\Turbine|29VT-2007Y|1X Amp|Hi;""2026-10-20 11:44:48","031631"";89.6640653610229"
"\\SRV-PI-AF01\CBM\Utility\Steam Generation\P29201A-HP BFW Pumps\Turbine|29VT-2007Y|1X Phase|Based Value;""2026-10-20 11:44:48","031631"";Calc Failed"
"\\SRV-PI-AF01\CBM\Utility\Steam Generation\P29201A-HP BFW Pumps\Turbine|29VT-2007Y|Gap|Trigger|Current percent|Minimum;""2026-10-20 11:44:48","031631"";0"
"\\SRV-PI-AF01\CBM\Utility\Steam Generation\P29201A-HP BFW Pumps\Turbine|29VT-2007Y|Gap|Trigger|Current percent|Hi;""2026-10-20 11:44:48","031631"";5.82504904567572"
"\\SRV-PI-AF01\CBM\Utility\Steam Generation\P29201A-HP BFW Pumps\Turbine|29VT-2007Y|Gap|Trigger|Current percent|HiHi;""2026-10-20 11:44:48","031631"";582.504904567572"
"\\SRV-PI-AF01\CBM\Utility\Steam Generation\P29201A-HP BFW Pumps\Turbine|29VT-2007Y|1X Amp|Trigger|Current percent|Minimum;""2026-10-20 11:44:48","031631"";0"
"\\SRV-PI-AF01\CBM\Utility\Steam Generation\P29201A-HP BFW Pumps\Turbine|29VT-2007Y|1X Amp|Trigger|Current percent|Hi;""2026-10-20 11:44:48","031631"";635.017096923007"
"\\SRV-PI-AF01\CBM\Utility\Steam Generation\P29201A-HP BFW Pumps\Turbine|29VT-2007Y|1X Amp|Trigger|Current percent|HiHi;""2026-10-20 11:44:48","031631"";63501.7096923007"
"\\SRV-PI-AF01\CBM\Utility\Steam Generation\P29201A-HP BFW Pumps\Turbine|29VT-2007Y|1X Phase|Trigger|Current percent|Minimum;""2026-10-20 11:44:48","031631"";0"
"\\SRV-PI-AF01\CBM\Utility\Steam Generation\P29201A-HP BFW Pumps\Turbine|29VT-2007X|Direct|Lo;""2026-10-20 11:44:48","031631"";8.3612548828125"
"\\SRV-PI-AF01\CBM\Utility\Steam Generation\P29201A-HP BFW Pumps\Turbine|29VT-2007X|Direct|Based Value;""2026-10-20 11:44:48","031631"";10.4515686035156"
"\\SRV-PI-AF01\CBM\Utility\Steam Generation\P29201A-HP BFW Pumps\Turbine|29VT-2007X|Direct|Hi;""2026-10-20 11:44:48","031631"";12.5418823242188"
"\\SRV-PI-AF01\CBM\Utility\Steam Generation\P29201A-HP BFW Pumps\Turbine|29VT-2007X|Direct|Trigger|Current percent|Minimum;""2026-10-20 11:44:48","031631"";0"
"\\SRV-PI-AF01\CBM\Utility\Steam Generation\P29201A-HP BFW Pumps\Turbine|29VT-2007X|Direct|Trigger|Current percent|Hi;""2026-10-20 11:44:48","031631"";20"
"\\SRV-PI-AF01\CBM\Utility\Steam Generation\P29201A-HP BFW Pumps\Turbine|29VT-2007X|Direct|Trigger|Current percent|HiHi;""2026-10-20 11:44:48","031631"";2000"
"\\SRV-PI-AF01\CBM\Utility\Steam Generation\P29201A-HP BFW Pumps\Turbine|29VT-2007X|Gap|Lo;""2026-10-20 11:44:48","031631"";-7.50664187538394"
"\\SRV-PI-AF01\CBM\Utility\Steam Generation\P29201A-HP BFW Pumps\Turbine|29VT-2007X|Gap|Based Value;""2026-10-20 11:44:48","031631"";-6.91777420043945"
"\\SRV-PI-AF01\CBM\Utility\Steam Generation\P29201A-HP BFW Pumps\Turbine|29VT-2007X|Gap|Hi;""2026-10-20 11:44:48","031631"";-6.32890652549497"
"\\SRV-PI-AF01\CBM\Utility\Steam Generation\P29201A-HP BFW Pumps\Turbine|29VT-2007X|1X Amp|Lo;""2026-10-20 11:44:48","031631"";-3.65392684936523"
"\\SRV-PI-AF01\CBM\Utility\Steam Generation\P29201A-HP BFW Pumps\Turbine|29VT-2007X|1X Amp|Based Value;""2026-10-20 11:44:48","031631"";6.66911029815674"
"\\SRV-PI-AF01\CBM\Utility\Steam Generation\P29201A-HP BFW Pumps\Turbine|29VT-2007X|1X Amp|Hi;""2026-10-20 11:44:48","031631"";16.9921474456787"
"\\SRV-PI-AF01\CBM\Utility\Steam Generation\P29201A-HP BFW Pumps\Turbine|29VT-2007X|1X Phase|Based Value;""2026-10-20 11:44:48","031631"";Calc Failed"
"\\SRV-PI-AF01\CBM\Utility\Steam Generation\P29201A-HP BFW Pumps\Turbine|29VT-2007X|Gap|Trigger|Current percent|Minimum;""2026-10-20 11:44:48","031631"";0"
"\\SRV-PI-AF01\CBM\Utility\Steam Generation\P29201A-HP BFW Pumps\Turbine|29VT-2007X|Gap|Trigger|Current percent|Hi;""2026-10-20 11:44:48","031631"";8.51238646828158"
"\\SRV-PI-AF01\CBM\Utility\Steam Generation\P29201A-HP BFW Pumps\Turbine|29VT-2007X|Gap|Trigger|Current percent|HiHi;""2026-10-20 11:44:48","031631"";851.238646828158"
"\\SRV-PI-AF01\CBM\Utility\Steam Generation\P29201A-HP BFW Pumps\Turbine|29VT-2007X|1X Amp|Trigger|Current percent|Minimum;""2026-10-20 11:44:48","031631"";0"
"\\SRV-PI-AF01\CBM\Utility\Steam Generation\P29201A-HP BFW Pumps\Turbine|29VT-2007X|1X Amp|Trigger|Current percent|Hi;""2026-10-20 11:44:48","031631"";154.788820187531"
"\\SRV-PI-AF01\CBM\Utility\Steam Generation\P29201A-HP BFW Pumps\Turbine|29VT-2007X|1X Amp|Trigger|Current percent|HiHi;""2026-10-20 11:44:48","031631"";15478.8820187531"
"\\SRV-PI-AF01\CBM\Utility\Steam Generation\P29201A-HP BFW Pumps\Turbine|29VT-2007X|1X Phase|Trigger|Current percent|Minimum;""2026-10-20 11:44:48","031631"";0"
"\\SRV-PI-AF01\CBM\Utility\Steam Generation\P29201A-HP BFW Pumps\Turbine|29VT-2005Y|Direct|Lo;""2026-10-20 11:44:48","031631"";9.36390609741211"
"\\SRV-PI-AF01\CBM\Utility\Steam Generation\P29201A-HP BFW Pumps\Turbine|29VT-2005Y|Direct|Based Value;""2026-10-20 11:44:48","031631"";11.7048826217651"
"\\SRV-PI-AF01\CBM\Utility\Steam Generation\P29201A-HP BFW Pumps\Turbine|29VT-2005Y|Direct|Hi;""2026-10-20 11:44:48","031631"";14.0458591461182"
"\\SRV-PI-AF01\CBM\Utility\Steam Generation\P29201A-HP BFW Pumps\Turbine|29VT-2005Y|Direct|Trigger|Current percent|Minimum;""2026-10-20 11:44:48","031631"";0"
"\\SRV-PI-AF01\CBM\Utility\Steam Generation\P29201A-HP BFW Pumps\Turbine|29VT-2005Y|Direct|Trigger|Current percent|Hi;""2026-10-20 11:44:48","031631"";20"
"\\SRV-PI-AF01\CBM\Utility\Steam Generation\P29201A-HP BFW Pumps\Turbine|29VT-2005Y|Direct|Trigger|Current percent|HiHi;""2026-10-20 11:44:48","031631"";2000"
"\\SRV-PI-AF01\CBM\Utility\Steam Generation\P29201A-HP BFW Pumps\Turbine|29VT-2005Y|Gap|Lo;""2026-10-20 11:44:48","031631"";-6.61396826445689"
"\\SRV-PI-AF01\CBM\Utility\Steam Generation\P29201A-HP BFW Pumps\Turbine|29VT-2005Y|Gap|Based Value;""2026-10-20 11:44:48","031631"";-5.36231565475464"
"\\SRV-PI-AF01\CBM\Utility\Steam Generation\P29201A-HP BFW Pumps\Turbine|29VT-2005Y|Gap|Hi;""2026-10-20 11:44:48","031631"";-4.11066304505238"
"\\SRV-PI-AF01\CBM\Utility\Steam Generation\P29201A-HP BFW Pumps\Turbine|29VT-2005Y|1X Amp|Lo;""2026-10-20 11:44:48","031631"";-6.24743890762329"
"\\SRV-PI-AF01\CBM\Utility\Steam Generation\P29201A-HP BFW Pumps\Turbine|29VT-2005Y|1X Amp|Based Value;""2026-10-20 11:44:48","031631"";7.89757299423218"
"\\SRV-PI-AF01\CBM\Utility\Steam Generation\P29201A-HP BFW Pumps\Turbine|29VT-2005Y|1X Amp|Hi;""2026-10-20 11:44:48","031631"";22.0425848960876"
"\\SRV-PI-AF01\CBM\Utility\Steam Generation\P29201A-HP BFW Pumps\Turbine|29VT-2005Y|1X Phase|Based Value;""2026-10-20 11:44:48","031631"";Calc Failed"
"\\SRV-PI-AF01\CBM\Utility\Steam Generation\P29201A-HP BFW Pumps\Turbine|29VT-2005Y|Gap|Trigger|Current percent|Minimum;""2026-10-20 11:44:48","031631"";0"
"\\SRV-PI-AF01\CBM\Utility\Steam Generation\P29201A-HP BFW Pumps\Turbine|29VT-2005Y|Gap|Trigger|Current percent|Hi;""2026-10-20 11:44:48","031631"";23.341643616083"
"\\SRV-PI-AF01\CBM\Utility\Steam Generation\P29201A-HP BFW Pumps\Turbine|29VT-2005Y|Gap|Trigger|Current percent|HiHi;""2026-10-20 11:44:48","031631"";2334.1643616083"
"\\SRV-PI-AF01\CBM\Utility\Steam Generation\P29201A-HP BFW Pumps\Turbine|29VT-2005Y|1X Amp|Trigger|Current percent|Minimum;""2026-10-20 11:44:48","031631"";0"
"\\SRV-PI-AF01\CBM\Utility\Steam Generation\P29201A-HP BFW Pumps\Turbine|29VT-2005Y|1X Amp|Trigger|Current percent|Hi;""2026-10-20 11:44:48","031631"";179.105807723284"
"\\SRV-PI-AF01\CBM\Utility\Steam Generation\P29201A-HP BFW Pumps\Turbine|29VT-2005Y|1X Amp|Trigger|Current percent|HiHi;""2026-10-20 11:44:48","031631"";17910.5807723284"
"\\SRV-PI-AF01\CBM\Utility\Steam Generation\P29201A-HP BFW Pumps\Turbine|29VT-2005Y|1X Phase|Trigger|Current percent|Minimum;""2026-10-20 11:44:48","031631"";0"
"\\SRV-PI-AF01\CBM\Utility\Steam Generation\P29201A-HP BFW Pumps\Turbine|29VT-2005X|Direct|Lo;""2026-10-20 11:44:48","031631"";10.6571876525879"
"\\SRV-PI-AF01\CBM\Utility\Steam Generation\P29201A-HP BFW Pumps\Turbine|29VT-2005X|Direct|Based Value;""2026-10-20 11:44:48","031631"";13.3214845657349"
"\\SRV-PI-AF01\CBM\Utility\Steam Generation\P29201A-HP BFW Pumps\Turbine|29VT-2005X|Direct|Hi;""2026-10-20 11:44:48","031631"";15.9857814788818"
"\\SRV-PI-AF01\CBM\Utility\Steam Generation\P29201A-HP BFW Pumps\Turbine|29VT-2005X|Direct|Trigger|Current percent|Minimum;""2026-10-20 11:44:48","031631"";0"
"\\SRV-PI-AF01\CBM\Utility\Steam Generation\P29201A-HP BFW Pumps\Turbine|29VT-2005X|Direct|Trigger|Current percent|Hi;""2026-10-20 11:44:48","031631"";20"
"\\SRV-PI-AF01\CBM\Utility\Steam Generation\P29201A-HP BFW Pumps\Turbine|29VT-2005X|Direct|Trigger|Current percent|HiHi;""2026-10-20 11:44:48","031631"";2000"
"\\SRV-PI-AF01\CBM\Utility\Steam Generation\P29201A-HP BFW Pumps\Turbine|29VT-2005X|Gap|Lo;""2026-10-20 11:44:48","031631"";-6.00253332976674"
"\\SRV-PI-AF01\CBM\Utility\Steam Generation\P29201A-HP BFW Pumps\Turbine|29VT-2005X|Gap|Based Value;""2026-10-20 11:44:48","031631"";-5.54400014877319"
"\\SRV-PI-AF01\CBM\Utility\Steam Generation\P29201A-HP BFW Pumps\Turbine|29VT-2005X|Gap|Hi;""2026-10-20 11:44:48","031631"";-5.08546696777965"
"\\SRV-PI-AF01\CBM\Utility\Steam Generation\P29201A-HP BFW Pumps\Turbine|29VT-2005X|1X Amp|Lo;""2026-10-20 11:44:48","031631"";-3.29299259185791"
"\\SRV-PI-AF01\CBM\Utility\Steam Generation\P29201A-HP BFW Pumps\Turbine|29VT-2005X|1X Amp|Based Value;""2026-10-20 11:44:48","031631"";8.99940776824951"
"\\SRV-PI-AF01\CBM\Utility\Steam Generation\P29201A-HP BFW Pumps\Turbine|29VT-2005X|1X Amp|Hi;""2026-10-20 11:44:48","031631"";21.2918081283569"
"\\SRV-PI-AF01\CBM\Utility\Steam Generation\P29201A-HP BFW Pumps\Turbine|29VT-2005X|1X Phase|Based Value;""2026-10-20 11:44:48","031631"";Calc Failed"
"\\SRV-PI-AF01\CBM\Utility\Steam Generation\P29201A-HP BFW Pumps\Turbine|29VT-2005X|Gap|Trigger|Current percent|Minimum;""2026-10-20 11:44:48","031631"";0"
"\\SRV-PI-AF01\CBM\Utility\Steam Generation\P29201A-HP BFW Pumps\Turbine|29VT-2005X|Gap|Trigger|Current percent|Hi;""2026-10-20 11:44:48","031631"";8.27080030102474"
"\\SRV-PI-AF01\CBM\Utility\Steam Generation\P29201A-HP BFW Pumps\Turbine|29VT-2005X|Gap|Trigger|Current percent|HiHi;""2026-10-20 11:44:48","031631"";827.080030102474"
"\\SRV-PI-AF01\CBM\Utility\Steam Generation\P29201A-HP BFW Pumps\Turbine|29VT-2005X|1X Amp|Trigger|Current percent|Minimum;""2026-10-20 11:44:48","031631"";0"
"\\SRV-PI-AF01\CBM\Utility\Steam Generation\P29201A-HP BFW Pumps\Turbine|29VT-2005X|1X Amp|Trigger|Current percent|Hi;""2026-10-20 11:44:48","031631"";136.591214407195"
"\\SRV-PI-AF01\CBM\Utility\Steam Generation\P29201A-HP BFW Pumps\Turbine|29VT-2005X|1X Amp|Trigger|Current percent|HiHi;""2026-10-20 11:44:48","031631"";13659.1214407195"
"\\SRV-PI-AF01\CBM\Utility\Steam Generation\P29201A-HP BFW Pumps\Turbine|29VT-2005X|1X Phase|Trigger|Current percent|Minimum;""2026-10-20 11:44:48","031631"";0"
"\\SRV-PI-AF01\CBM\Utility\Steam Generation\P29201A-HP BFW Pumps\HP BFWP|29XT-2013|Direct|Minimum;""2026-10-20 11:44:48","031631"";0"
"\\SRV-PI-AF01\CBM\Utility\Steam Generation\P29201A-HP BFW Pumps\HP BFWP|29XT-2013|Direct|Hi;""2026-07-29 12:47:38","441467"";0.3"
"\\SRV-PI-AF01\CBM\Utility\Steam Generation\P29201A-HP BFW Pumps\HP BFWP|29XT-2013|Direct|HiHi;""2026-07-29 12:47:38","441467"";0.5"
"\\SRV-PI-AF01\CBM\Utility\Steam Generation\P29201A-HP BFW Pumps\HP BFWP|29XT-2013|Direct|Trigger|Current percent;""2026-07-29 12:47:38","441467"";0"
"\\SRV-PI-AF01\CBM\Utility\Steam Generation\P29201A-HP BFW Pumps\HP BFWP|29XT-2013|Direct|Trigger|Current percent|Minimum;""2026-10-20 11:44:48","031631"";0"
"\\SRV-PI-AF01\CBM\Utility\Steam Generation\P29201A-HP BFW Pumps\HP BFWP|29XT-2013|Direct|Trigger|Current percent|Hi;""2026-07-29 12:47:38","441467"";0.3"
"\\SRV-PI-AF01\CBM\Utility\Steam Generation\P29201A-HP BFW Pumps\HP BFWP|29XT-2013|Direct|Trigger|Current percent|HiHi;""2026-07-29 12:47:38","441467"";0.5"
"\\SRV-PI-AF01\CBM\Utility\Steam Generation\P29201A-HP BFW Pumps\HP BFWP|29XT-2013|Gap|Lo;""2026-10-20 11:44:48","031631"";-12.2130183630768"
"\\SRV-PI-AF01\CBM\Utility\Steam Generation\P29201A-HP BFW Pumps\HP BFWP|29XT-2013|Gap|Based Value;""2026-10-20 11:44:48","031631"";-11.4491081237793"
"\\SRV-PI-AF01\CBM\Utility\Steam Generation\P29201A-HP BFW Pumps\HP BFWP|29XT-2013|Gap|Hi;""2026-10-20 11:44:48","031631"";-10.6851978844818"
"\\SRV-PI-AF01\CBM\Utility\Steam Generation\P29201A-HP BFW Pumps\HP BFWP|29XT-2013|Gap|Trigger|Current percent|Minimum;""2026-10-20 11:44:48","031631"";0"
"\\SRV-PI-AF01\CBM\Utility\Steam Generation\P29201A-HP BFW Pumps\HP BFWP|29XT-2013|Gap|Trigger|Current percent|Hi;""2026-10-20 11:44:48","031631"";6.67222486711321"
"\\SRV-PI-AF01\CBM\Utility\Steam Generation\P29201A-HP BFW Pumps\HP BFWP|29XT-2013|Gap|Trigger|Current percent|HiHi;""2026-10-20 11:44:48","031631"";667.222486711321"
"\\SRV-PI-AF01\CBM\Utility\Steam Generation\P29201A-HP BFW Pumps\HP BFWP|29XT-2012|Direct|Minimum;""2026-10-20 11:44:48","031631"";0"
"\\SRV-PI-AF01\CBM\Utility\Steam Generation\P29201A-HP BFW Pumps\HP BFWP|29XT-2012|Direct|Hi;""2026-07-29 12:47:38","441467"";0.3"
"\\SRV-PI-AF01\CBM\Utility\Steam Generation\P29201A-HP BFW Pumps\HP BFWP|29XT-2012|Direct|HiHi;""2026-07-29 12:47:38","441467"";0.5"
"\\SRV-PI-AF01\CBM\Utility\Steam Generation\P29201A-HP BFW Pumps\HP BFWP|29XT-2012|Direct|Trigger|Current percent;""2026-07-29 12:47:38","441467"";0"
"\\SRV-PI-AF01\CBM\Utility\Steam Generation\P29201A-HP BFW Pumps\HP BFWP|29XT-2012|Direct|Trigger|Current percent|Minimum;""2026-10-20 11:44:48","031631"";0"
"\\SRV-PI-AF01\CBM\Utility\Steam Generation\P29201A-HP BFW Pumps\HP BFWP|29XT-2012|Direct|Trigger|Current percent|Hi;""2026-07-29 12:47:38","441467"";0.3"
"\\SRV-PI-AF01\CBM\Utility\Steam Generation\P29201A-HP BFW Pumps\HP BFWP|29XT-2012|Direct|Trigger|Current percent|HiHi;""2026-07-29 12:47:38","441467"";0.5"
"\\SRV-PI-AF01\CBM\Utility\Steam Generation\P29201A-HP BFW Pumps\HP BFWP|29XT-2012|Gap|Lo;""2026-10-20 11:44:48","031631"";-12.2183778666972"
"\\SRV-PI-AF01\CBM\Utility\Steam Generation\P29201A-HP BFW Pumps\HP BFWP|29XT-2012|Gap|Based Value;""2026-10-20 11:44:48","031631"";-11.3327417373657"
"\\SRV-PI-AF01\CBM\Utility\Steam Generation\P29201A-HP BFW Pumps\HP BFWP|29XT-2012|Gap|Hi;""2026-10-20 11:44:48","031631"";-10.4471056080343"
"\\SRV-PI-AF01\CBM\Utility\Steam Generation\P29201A-HP BFW Pumps\HP BFWP|29XT-2012|Gap|Trigger|Current percent|Minimum;""2026-10-20 11:44:48","031631"";0"
"\\SRV-PI-AF01\CBM\Utility\Steam Generation\P29201A-HP BFW Pumps\HP BFWP|29XT-2012|Gap|Trigger|Current percent|Hi;""2026-10-20 11:44:48","031631"";7.81484436737311"
"\\SRV-PI-AF01\CBM\Utility\Steam Generation\P29201A-HP BFW Pumps\HP BFWP|29XT-2012|Gap|Trigger|Current percent|HiHi;""2026-10-20 11:44:48","031631"";781.484436737311"
"\\SRV-PI-AF01\CBM\Utility\Steam Generation\P29201A-HP BFW Pumps\HP BFWP|29VT-2001Y|Direct|Lo;""2026-10-20 11:44:48","031631"";21.7052335739136"
"\\SRV-PI-AF01\CBM\Utility\Steam Generation\P29201A-HP BFW Pumps\HP BFWP|29VT-2001Y|Direct|Based Value;""2026-10-20 11:44:48","031631"";27.8239345550537"
"\\SRV-PI-AF01\CBM\Utility\Steam Generation\P29201A-HP BFW Pumps\HP BFWP|29VT-2001Y|Direct|Hi;""2026-10-20 11:44:48","031631"";33.9426355361938"
"\\SRV-PI-AF01\CBM\Utility\Steam Generation\P29201A-HP BFW Pumps\HP BFWP|29VT-2001Y|Direct|Trigger|Current percent|Minimum;""2026-10-20 11:44:48","031631"";0"
"\\SRV-PI-AF01\CBM\Utility\Steam Generation\P29201A-HP BFW Pumps\HP BFWP|29VT-2001Y|Direct|Trigger|Current percent|Hi;""2026-10-20 11:44:48","031631"";21.9907826804056"
"\\SRV-PI-AF01\CBM\Utility\Steam Generation\P29201A-HP BFW Pumps\HP BFWP|29VT-2001Y|Direct|Trigger|Current percent|HiHi;""2026-10-20 11:44:48","031631"";2199.07826804056"
"\\SRV-PI-AF01\CBM\Utility\Steam Generation\P29201A-HP BFW Pumps\HP BFWP|29VT-2001Y|Gap|Lo;""2026-10-20 11:44:48","031631"";-10.9941020918638"
"\\SRV-PI-AF01\CBM\Utility\Steam Generation\P29201A-HP BFW Pumps\HP BFWP|29VT-2001Y|Gap|Based Value;""2026-10-20 11:44:48","031631"";-10.1867084503174"
"\\SRV-PI-AF01\CBM\Utility\Steam Generation\P29201A-HP BFW Pumps\HP BFWP|29VT-2001Y|Gap|Hi;""2026-10-20 11:44:48","031631"";-9.37931480877093"
"\\SRV-PI-AF01\CBM\Utility\Steam Generation\P29201A-HP BFW Pumps\HP BFWP|29VT-2001Y|1X Amp|Lo;""2026-10-20 11:44:48","031631"";15.0932836532593"
"\\SRV-PI-AF01\CBM\Utility\Steam Generation\P29201A-HP BFW Pumps\HP BFWP|29VT-2001Y|1X Amp|Based Value;""2026-10-20 11:44:48","031631"";22.9189109802246"
"\\SRV-PI-AF01\CBM\Utility\Steam Generation\P29201A-HP BFW Pumps\HP BFWP|29VT-2001Y|1X Amp|Hi;""2026-10-20 11:44:48","031631"";30.7445383071899"
"\\SRV-PI-AF01\CBM\Utility\Steam Generation\P29201A-HP BFW Pumps\HP BFWP|29VT-2001Y|1X Phase|Based Value;""2026-10-20 11:44:48","031631"";Calc Failed"
"\\SRV-PI-AF01\CBM\Utility\Steam Generation\P29201A-HP BFW Pumps\HP BFWP|29VT-2001Y|Gap|Trigger|Current percent|Minimum;""2026-10-20 11:44:48","031631"";0"
"\\SRV-PI-AF01\CBM\Utility\Steam Generation\P29201A-HP BFW Pumps\HP BFWP|29VT-2001Y|Gap|Trigger|Current percent|Hi;""2026-10-20 11:44:48","031631"";7.92595219038883"
"\\SRV-PI-AF01\CBM\Utility\Steam Generation\P29201A-HP BFW Pumps\HP BFWP|29VT-2001Y|Gap|Trigger|Current percent|HiHi;""2026-10-20 11:44:48","031631"";792.595219038883"
"\\SRV-PI-AF01\CBM\Utility\Steam Generation\P29201A-HP BFW Pumps\HP BFWP|29VT-2001Y|1X Amp|Trigger|Current percent|Minimum;""2026-10-20 11:44:48","031631"";0"
"\\SRV-PI-AF01\CBM\Utility\Steam Generation\P29201A-HP BFW Pumps\HP BFWP|29VT-2001Y|1X Amp|Trigger|Current percent|Hi;""2026-10-20 11:44:48","031631"";34.1448480415043"
"\\SRV-PI-AF01\CBM\Utility\Steam Generation\P29201A-HP BFW Pumps\HP BFWP|29VT-2001Y|1X Amp|Trigger|Current percent|HiHi;""2026-10-20 11:44:48","031631"";3414.48480415043"
"\\SRV-PI-AF01\CBM\Utility\Steam Generation\P29201A-HP BFW Pumps\HP BFWP|29VT-2001Y|1X Phase|Trigger|Current percent|Minimum;""2026-10-20 11:44:48","031631"";0"
"\\SRV-PI-AF01\CBM\Utility\Steam Generation\P29201A-HP BFW Pumps\HP BFWP|29VT-2001X|Direct|Lo;""2026-10-20 11:44:48","031631"";22.3860926628113"
"\\SRV-PI-AF01\CBM\Utility\Steam Generation\P29201A-HP BFW Pumps\HP BFWP|29VT-2001X|Direct|Based Value;""2026-10-20 11:44:48","031631"";28.0820140838623"
"\\SRV-PI-AF01\CBM\Utility\Steam Generation\P29201A-HP BFW Pumps\HP BFWP|29VT-2001X|Direct|Hi;""2026-10-20 11:44:48","031631"";33.7779355049133"
"\\SRV-PI-AF01\CBM\Utility\Steam Generation\P29201A-HP BFW Pumps\HP BFWP|29VT-2001X|Direct|Trigger|Current percent|Minimum;""2026-10-20 11:44:48","031631"";0"
"\\SRV-PI-AF01\CBM\Utility\Steam Generation\P29201A-HP BFW Pumps\HP BFWP|29VT-2001X|Direct|Trigger|Current percent|Hi;""2026-10-20 11:44:48","031631"";20.2831656021576"
"\\SRV-PI-AF01\CBM\Utility\Steam Generation\P29201A-HP BFW Pumps\HP BFWP|29VT-2001X|Direct|Trigger|Current percent|HiHi;""2026-10-20 11:44:48","031631"";2028.31656021576"
"\\SRV-PI-AF01\CBM\Utility\Steam Generation\P29201A-HP BFW Pumps\HP BFWP|29VT-2001X|Gap|Lo;""2026-10-20 11:44:48","031631"";-11.1207601357822"
"\\SRV-PI-AF01\CBM\Utility\Steam Generation\P29201A-HP BFW Pumps\HP BFWP|29VT-2001X|Gap|Based Value;""2026-10-20 11:44:48","031631"";-10.1843843460083"
"\\SRV-PI-AF01\CBM\Utility\Steam Generation\P29201A-HP BFW Pumps\HP BFWP|29VT-2001X|Gap|Hi;""2026-10-20 11:44:48","031631"";-9.24800855623444"
"\\SRV-PI-AF01\CBM\Utility\Steam Generation\P29201A-HP BFW Pumps\HP BFWP|29VT-2001X|1X Amp|Lo;""2026-10-20 11:44:48","031631"";12.6517744064331"
"\\SRV-PI-AF01\CBM\Utility\Steam Generation\P29201A-HP BFW Pumps\HP BFWP|29VT-2001X|1X Amp|Based Value;""2026-10-20 11:44:48","031631"";21.560567855835"
"\\SRV-PI-AF01\CBM\Utility\Steam Generation\P29201A-HP BFW Pumps\HP BFWP|29VT-2001X|1X Amp|Hi;""2026-10-20 11:44:48","031631"";30.4693613052368"
"\\SRV-PI-AF01\CBM\Utility\Steam Generation\P29201A-HP BFW Pumps\HP BFWP|29VT-2001X|1X Phase|Based Value;""2026-10-20 11:44:48","031631"";Calc Failed"
"\\SRV-PI-AF01\CBM\Utility\Steam Generation\P29201A-HP BFW Pumps\HP BFWP|29VT-2001X|Gap|Trigger|Current percent|Minimum;""2026-10-20 11:44:48","031631"";0"
"\\SRV-PI-AF01\CBM\Utility\Steam Generation\P29201A-HP BFW Pumps\HP BFWP|29VT-2001X|Gap|Trigger|Current percent|Hi;""2026-10-20 11:44:48","031631"";9.19423067670132"
"\\SRV-PI-AF01\CBM\Utility\Steam Generation\P29201A-HP BFW Pumps\HP BFWP|29VT-2001X|Gap|Trigger|Current percent|HiHi;""2026-10-20 11:44:48","031631"";919.423067670132"
"\\SRV-PI-AF01\CBM\Utility\Steam Generation\P29201A-HP BFW Pumps\HP BFWP|29VT-2001X|1X Amp|Trigger|Current percent|Minimum;""2026-10-20 11:44:48","031631"";0"
"\\SRV-PI-AF01\CBM\Utility\Steam Generation\P29201A-HP BFW Pumps\HP BFWP|29VT-2001X|1X Amp|Trigger|Current percent|Hi;""2026-10-20 11:44:48","031631"";41.3198460679265"
"\\SRV-PI-AF01\CBM\Utility\Steam Generation\P29201A-HP BFW Pumps\HP BFWP|29VT-2001X|1X Amp|Trigger|Current percent|HiHi;""2026-10-20 11:44:48","031631"";4131.98460679265"
"\\SRV-PI-AF01\CBM\Utility\Steam Generation\P29201A-HP BFW Pumps\HP BFWP|29VT-2001X|1X Phase|Trigger|Current percent|Minimum;""2026-10-20 11:44:48","031631"";0"
"\\SRV-PI-AF01\CBM\Utility\Steam Generation\P29201A-HP BFW Pumps\HP BFWP|29TE-2003|Temperature|Lo;""2026-10-20 11:44:48","031631"";49.3421516418457"
"\\SRV-PI-AF01\CBM\Utility\Steam Generation\P29201A-HP BFW Pumps\HP BFWP|29TE-2003|Temperature|Based Value;""2026-10-20 11:44:48","031631"";57.3421516418457"
"\\SRV-PI-AF01\CBM\Utility\Steam Generation\P29201A-HP BFW Pumps\HP BFWP|29TE-2003|Temperature|Hi;""2026-10-20 11:44:48","031631"";65.3421516418457"
"\\SRV-PI-AF01\CBM\Utility\Steam Generation\P29201A-HP BFW Pumps\HP BFWP|29TE-2004|Temperature|Lo;""2026-10-20 11:44:48","031631"";55.3627090454102"
"\\SRV-PI-AF01\CBM\Utility\Steam Generation\P29201A-HP BFW Pumps\HP BFWP|29TE-2004|Temperature|Based Value;""2026-10-20 11:44:48","031631"";63.3627090454102"
"\\SRV-PI-AF01\CBM\Utility\Steam Generation\P29201A-HP BFW Pumps\HP BFWP|29TE-2004|Temperature|Hi;""2026-10-20 11:44:48","031631"";71.3627090454102"
"\\SRV-PI-AF01\CBM\Utility\Steam Generation\P29201A-HP BFW Pumps\HP BFWP|29TE-2035|Temperature|Lo;""2026-10-20 11:44:48","031631"";49.3255920410156"
"\\SRV-PI-AF01\CBM\Utility\Steam Generation\P29201A-HP BFW Pumps\HP BFWP|29TE-2035|Temperature|Based Value;""2026-10-20 11:44:48","031631"";57.3255920410156"
"\\SRV-PI-AF01\CBM\Utility\Steam Generation\P29201A-HP BFW Pumps\HP BFWP|29TE-2035|Temperature|Hi;""2026-10-20 11:44:48","031631"";65.3255920410156"
"\\SRV-PI-AF01\CBM\Utility\Steam Generation\P29201A-HP BFW Pumps\HP BFWP|29TE-2038|Temperature|Lo;""2026-10-20 11:44:48","031631"";53.0310440063477"
"\\SRV-PI-AF01\CBM\Utility\Steam Generation\P29201A-HP BFW Pumps\HP BFWP|29TE-2038|Temperature|Based Value;""2026-10-20 11:44:48","031631"";61.0310440063477"
"\\SRV-PI-AF01\CBM\Utility\Steam Generation\P29201A-HP BFW Pumps\HP BFWP|29TE-2038|Temperature|Hi;""2026-10-20 11:44:48","031631"";69.0310440063477"
"\\SRV-PI-AF01\CBM\Utility\Steam Generation\P29201A-HP BFW Pumps\HP BFWP|29TE-2036|Temperature|Lo;""2026-10-20 11:44:48","031631"";49.3255920410156"
"\\SRV-PI-AF01\CBM\Utility\Steam Generation\P29201A-HP BFW Pumps\HP BFWP|29TE-2036|Temperature|Based Value;""2026-10-20 11:44:48","031631"";57.3255920410156"
"\\SRV-PI-AF01\CBM\Utility\Steam Generation\P29201A-HP BFW Pumps\HP BFWP|29TE-2036|Temperature|Hi;""2026-10-20 11:44:48","031631"";65.3255920410156"
"\\SRV-PI-AF01\CBM\Utility\Steam Generation\P29201A-HP BFW Pumps\HP BFWP|29TE-2037|Temperature|Lo;""2026-10-20 11:44:48","031631"";51.8523483276367"
"\\SRV-PI-AF01\CBM\Utility\Steam Generation\P29201A-HP BFW Pumps\HP BFWP|29TE-2037|Temperature|Based Value;""2026-10-20 11:44:48","031631"";59.8523483276367"
"\\SRV-PI-AF01\CBM\Utility\Steam Generation\P29201A-HP BFW Pumps\HP BFWP|29TE-2037|Temperature|Hi;""2026-10-20 11:44:48","031631"";67.8523483276367"
"\\SRV-PI-AF01\CBM\Utility\Steam Generation\P29201A-HP BFW Pumps\HP BFWP|29TE-2005|Temperature|Lo;""2026-10-20 11:44:48","031631"";55.9766654968262"
"\\SRV-PI-AF01\CBM\Utility\Steam Generation\P29201A-HP BFW Pumps\HP BFWP|29TE-2005|Temperature|Based Value;""2026-10-20 11:44:48","031631"";63.9766654968262"
"\\SRV-PI-AF01\CBM\Utility\Steam Generation\P29201A-HP BFW Pumps\HP BFWP|29TE-2005|Temperature|Hi;""2026-10-20 11:44:48","031631"";71.9766654968262"
"\\SRV-PI-AF01\CBM\Utility\Steam Generation\P29201A-HP BFW Pumps\HP BFWP|29TE-2039|Temperature|Lo;""2026-10-20 11:44:48","031631"";50.4683990478516"
"\\SRV-PI-AF01\CBM\Utility\Steam Generation\P29201A-HP BFW Pumps\HP BFWP|29TE-2039|Temperature|Based Value;""2026-10-20 11:44:48","031631"";58.4683990478516"
"\\SRV-PI-AF01\CBM\Utility\Steam Generation\P29201A-HP BFW Pumps\HP BFWP|29TE-2039|Temperature|Hi;""2026-10-20 11:44:48","031631"";66.4683990478516"
"\\SRV-PI-AF01\CBM\Utility\Steam Generation\P29201A-HP BFW Pumps\Turbine|29TE-2055|Temperature|Lo;""2026-10-20 11:44:48","031631"";49.8748893737793"
"\\SRV-PI-AF01\CBM\Utility\Steam Generation\P29201A-HP BFW Pumps\Turbine|29TE-2055|Temperature|Based Value;""2026-10-20 11:44:48","031631"";54.8748893737793"
"\\SRV-PI-AF01\CBM\Utility\Steam Generation\P29201A-HP BFW Pumps\Turbine|29TE-2055|Temperature|Hi;""2026-10-20 11:44:48","031631"";59.8748893737793"
"\\SRV-PI-AF01\CBM\Utility\Steam Generation\P29201A-HP BFW Pumps\Turbine|29TE-2056|Temperature|Lo;""2026-10-20 11:44:48","031631"";52.3087158203125"
"\\SRV-PI-AF01\CBM\Utility\Steam Generation\P29201A-HP BFW Pumps\Turbine|29TE-2056|Temperature|Based Value;""2026-10-20 11:44:48","031631"";57.3087158203125"
"\\SRV-PI-AF01\CBM\Utility\Steam Generation\P29201A-HP BFW Pumps\Turbine|29TE-2056|Temperature|Hi;""2026-10-20 11:44:48","031631"";62.3087158203125"
